ID,Predicted
0,4.125
1,3.775
2,3.7
3,3.925
4,3.45
5,2.65
6,3.575
7,3.3
8,3.75
9,3.5
10,3.8
11,3.6
12,3.35
13,3.175
14,3.075
15,4.225
16,3.525
17,3.925
18,3.65
19,3.15
20,3.925
21,3.725
22,3.4
23,4
24,4
25,4.075
26,4.15
27,3.5
28,3.75
29,3.575
30,3.125
31,4.15
32,2.425
33,3.9
34,3.775
35,3.625
36,3.425
37,2.775
38,3.775
39,3.6
40,2.775
41,3.725
42,3.45
43,4.25
44,2.25
45,3.45
46,3.85
47,3.725
48,4.375
49,3.875
50,3.5
51,3.925
52,2.675
53,3.55
54,3.85
55,4.025
56,3.75
57,4.225
58,3.625
59,4
60,3.95
61,3.5
62,3.45
63,2.65
64,3.825
65,4.3
66,4.15
67,3.825
68,3.3
69,3.825
70,3.375
71,3.9
72,4.075
73,4
74,3.65
75,3.975
76,2.975
77,3.325
78,3.325
79,3.35
80,2.5
81,3.925
82,3.75
83,4
84,3.925
85,3.7
86,3.7
87,3.775
88,3.25
89,3.725
90,2.35
91,3.9
92,3.525
93,4.175
94,4.325
95,3.45
96,3.225
97,3.6
98,3.35
99,3.575
100,3.7
101,4
102,3.975
103,3.75
104,4.175
105,2.575
106,3.875
107,3.45
108,3.725
109,2.975
110,3.3
111,2.975
112,3.425
113,3.575
114,3.7
115,3.3
116,3.875
117,3.825
118,3.725
119,4.025
120,3.225
121,4.1
122,4.075
123,3.7
124,3.725
125,3.45
126,3.55
127,4.075
128,4.075
129,3.375
130,2.925
131,4.1
132,4.15
133,3.725
134,3.85
135,3.75
136,4.175
137,4.1
138,3.825
139,4.2
140,3.325
141,4.075
142,3.35
143,4.05
144,3.825
145,2.925
146,4.225
147,4.2
148,4.025
149,3.525
150,3.8
151,3.35
152,3.85
153,2.675
154,2.625
155,3.9
156,4.325
157,2.5
158,3.725
159,3.6
160,4.2
161,2.15
162,3.95
163,3.4
164,2.975
165,3.675
166,3.675
167,4.3
168,3.95
169,3.225
170,3.85
171,3.75
172,4.025
173,3.675
174,2.55
175,3.75
176,4.3
177,3.7
178,4.25
179,3.65
180,3.8
181,3.175
182,3.8
183,3.35
184,3.625
185,3.1
186,3.9
187,3.95
188,3.35
189,3.875
190,3.525
191,4.075
192,3.375
193,3.75
194,3.825
195,3
196,3.625
197,4.1
198,3.125
199,3.1
200,3.725
201,4.425
202,3.45
203,2.875
204,3.225
205,3.225
206,3.6
207,3.725
208,3.225
209,3.475
210,3.45
211,3.725
212,3.29412
213,3.275
214,2.9
215,3.175
216,3.6
217,3.15
218,3.775
219,3.375
220,2.8
221,3.675
222,3.75
223,4.025
224,4.2
225,3.55
226,3.1
227,3.875
228,4.125
229,3.375
230,3.225
231,3.5
232,3.375
233,3.675
234,3.925
235,4.35
236,4
237,3.575
238,3.325
239,2.975
240,3.95
241,3.65
242,3.375
243,3.825
244,2.725
245,3.825
246,3.35
247,3.625
248,4.3
249,3.975
250,3.375
251,2.975
252,3.975
253,2.875
254,3.95
255,3.4
256,3.475
257,3.975
258,4.25
259,3.9
260,3.75
261,4.075
262,4.2
263,3.1
264,3.95
265,4.2
266,3.7
267,4.175
268,3.775
269,3.975
270,2.9
271,3.675
272,3.55
273,3.7
274,3.8
275,3.925
276,3.775
277,4
278,4.225
279,3.175
280,3.55
281,4.05
282,3.65
283,3.4
284,3.35
285,3.125
286,3.925
287,3.225
288,3.8
289,4.15
290,4.025
291,3.05
292,4.125
293,3.875
294,2.2
295,2.8
296,2.4
297,3.875
298,3.675
299,2.25
300,3.95
301,3.275
302,3.375
303,3.85
304,4.175
305,3.875
306,4.175
307,3.325
308,3.75
309,3.975
310,3.9
311,3.8
312,2.775
313,3.525
314,4
315,3.175
316,3.5
317,3.425
318,3.625
319,3.175
320,4.1
321,4.25
322,3.3
323,3.1
324,3.9
325,4.025
326,4.05
327,4.125
328,3.75
329,3.65
330,3.85
331,3.925
332,2.525
333,3.825
334,3.35
335,3.425
336,3.9
337,3.95
338,3.725
339,3.175
340,3.725
341,3.575
342,3.675
343,2.425
344,3.95
345,3.2
346,4.15
347,2.8
348,4.175
349,2.8
350,3.925
351,3.225
352,3.6
353,3.9
354,3.675
355,3.55
356,3.55
357,4.025
358,3.625
359,4.1
360,4
361,3.95
362,2
363,3.175
364,3.95
365,2.7
366,4.375
367,3.9
368,3.2
369,4.025
370,3.95
371,3.1
372,3.45
373,3.825
374,3.8
375,3.4
376,4.05
377,4.125
378,4.05
379,3.675
380,3.65
381,3.7
382,3.475
383,3.85
384,2.375
385,3.725
386,3.775
387,3.925
388,3.7
389,3.5
390,3.925
391,4.3
392,3.28571
393,4.025
394,3.65
395,3.425
396,3.65
397,3.25
398,3.275
399,3.8
400,3.775
401,3.75
402,3.725
403,3.175
404,4.35
405,4.225
406,2.825
407,3.175
408,3.075
409,3.725
410,3.8
411,3.2
412,4.25
413,3.325
414,3.825
415,3.325
416,3.85
417,2.925
418,3.925
419,2.775
420,3.25
421,3.875
422,3.275
423,3.675
424,3.4
425,3.5
426,3.075
427,3.95
428,3.1
429,3.7
430,3.85
431,2.875
432,3.5
433,4.1
434,3.725
435,4.075
436,3.7
437,3.575
438,3.4
439,3.6
440,3.85
441,4.3
442,3.975
443,4.125
444,4.025
445,2.825
446,2.575
447,3.75
448,3.2
449,4
450,4.275
451,3.85
452,3.7
453,3
454,3.6
455,3.725
456,3.8
457,4.175
458,3.55
459,3.575
460,4.225
461,3.75
462,3.475
463,3.95
464,4.025
465,3.3
466,4.225
467,2.175
468,3.275
469,2.125
470,4.175
471,3.975
472,3.7
473,4.325
474,4
475,3.775
476,3.75
477,3.775
478,2.9
479,3.65
480,3.8
481,2.6
482,3.6
483,3.65
484,3.875
485,4.1
486,2.725
487,3.625
488,3.8
489,3.325
490,3.8
491,2.6875
492,3.55
493,4.15
494,3.475
495,4.14286
496,3.575
497,3.95
498,3.725
499,2.8
500,2.6
501,3.025
502,3.375
503,4.225
504,3.55
505,3.925
506,3.625
507,4.1
508,3.65
509,3.75
510,3.25
511,3.775
512,3.8
513,4.15
514,3.9
515,3.925
516,4.325
517,2.625
518,3.975
519,3.475
520,3.625
521,2.7
522,3.3
523,3.675
524,4.275
525,3.525
526,3.36364
527,3.65
528,3.15
529,3.525
530,3.675
531,3.6
532,3.875
533,4
534,2.8
535,2.925
536,4.125
537,3.525
538,2.9
539,4.275
540,3.475
541,3.675
542,3.8
543,3.525
544,3.975
545,2.9
546,4.125
547,3.2
548,4.025
549,2.65
550,3.85
551,3.975
552,3.5
553,3.925
554,3.825
555,3.775
556,3.775
557,2.625
558,3.9
559,3.55
560,4.125
561,3.425
562,3.85
563,3.675
564,4.05
565,4.05
566,3.95
567,3.7
568,3.85
569,2.7
570,3.85
571,3.45
572,3.475
573,3.975
574,3.65
575,3.475
576,3.65
577,3.35
578,4.325
579,3.875
580,3.25
581,4.175
582,3.25
583,3.25
584,3.875
585,3.525
586,3.625
587,3.225
588,3.575
589,3.975
590,3.275
591,3.625
592,4.1
593,3.75
594,4.1
595,3.325
596,3.625
597,4.05
598,3.325
599,3.7
600,3.725
601,4.1
602,3.625
603,3.25
604,2.75
605,3.375
606,3.25
607,3.575
608,3.15
609,4.2
610,3.125
611,3.55
612,3.425
613,3.3
614,3.4
615,3.575
616,3.9
617,3.35
618,3.825
619,4.075
620,3.45
621,3.9
622,3.525
623,3.95
624,2.725
625,3.3
626,3.225
627,3.55
628,2.05
629,3.875
630,4.05
631,3.75
632,3.9
633,4.05
634,3.5
635,4.05
636,3.55
637,3.55
638,4.025
639,3.725
640,3.575
641,3.45
642,3.5
643,3.975
644,3.025
645,3.55
646,3.5
647,3.675
648,1.16667
649,3.9
650,4.025
651,3.225
652,4.025
653,3.925
654,3.15
655,3.1
656,3.7
657,3.975
658,3.075
659,3.625
660,3.975
661,2.875
662,3.775
663,3.85
664,3.85
665,3.8
666,3.85
667,2.85
668,3.775
669,4.15
670,3.85
671,4.125
672,3.9
673,3.8
674,3.925
675,3.9
676,3.075
677,3.975
678,3.45
679,3.5
680,3.425
681,3.6
682,3.725
683,3.65
684,3.275
685,3.9
686,4.125
687,3.7
688,3.65
689,3.85
690,3.675
691,3.7
692,4.1
693,4.025
694,2.925
695,2.9
696,3.925
697,2.7
698,4.1
699,4.2
700,3.75
701,4.175
702,4.025
703,3.075
704,2.725
705,3.575
706,3.55
707,3.525
708,3.35
709,4.15
710,3.525
711,3.95
712,3.275
713,3.625
714,3.375
715,3.6
716,3.6
717,3.575
718,3.4
719,4.1
720,3.875
721,3.825
722,3.95
723,3.225
724,4.05
725,4.075
726,4.025
727,3.525
728,4
729,3.8
730,3.7
731,4
732,3.975
733,3.775
734,3.1
735,3.425
736,3.9
737,3.075
738,4.025
739,4.075
740,3.925
741,3.75
742,3.575
743,3.925
744,4.1
745,4.1
746,4.05
747,3.2
748,3.325
749,3.85
750,4.15
751,4.025
752,3.5
753,3.35
754,2.975
755,3.35
756,3.475
757,4.05
758,3.45
759,3.8
760,3.375
761,3.8
762,4.125
763,3.925
764,2.225
765,3.6
766,3.825
767,3.975
768,3.775
769,3.225
770,4.075
771,3.1
772,4.375
773,4.1
774,4.15
775,3.75
776,4.1
777,3
778,3.7
779,3.75
780,3.625
781,3.05
782,3.55
783,2.85
784,4.225
785,3.65
786,3.45
787,2.30769
788,4.2
789,3.925
790,3.35
791,3.45
792,3.275
793,3.15
794,3.225
795,3.7
796,3.675
797,3.375
798,4.075
799,3.125
800,3.575
801,3.75
802,3.55
803,3.5
804,3.625
805,3.725
806,4.075
807,3.925
808,3.4
809,3.775
810,3.875
811,3
812,4.225
813,4
814,3.575
815,4.1
816,3.95
817,3.275
818,3.975
819,4
820,3.6
821,3.6
822,3.9
823,3.65
824,4
825,3.175
826,3.775
827,2.3
828,3.775
829,3.45
830,4.3
831,3.725
832,4.1
833,3.95
834,4.175
835,3.325
836,3.45
837,4.1
838,4
839,2.95
840,4.3
841,4.175
842,3.725
843,4.15
844,3.8
845,3.975
846,4.05
847,4.125
848,4.025
849,3.85
850,4.1
851,3.175
852,3.225
853,4.1
854,3
855,4.15
856,3.775
857,3.425
858,3.1
859,3.175
860,3.85
861,3.825
862,2.575
863,2.475
864,3.15
865,3.025
866,2.3
867,3.35
868,4.3
869,3.625
870,4.075
871,3
872,3.65
873,4.2
874,3.925
875,3.4
876,3.525
877,3.9
878,2.875
879,3.575
880,3.625
881,3.95
882,4.175
883,3.425
884,3.925
885,3.55
886,3.9
887,4
888,3.375
889,2.55
890,3.35
891,3.45
892,3.475
893,4.025
894,3.475
895,3.875
896,4.025
897,3.9
898,3.225
899,3.2
900,3.325
901,3.9
902,2.775
903,3.75
904,3.9
905,3.85
906,2.9
907,4.275
908,3.25
909,3.925
910,3.85
911,3.775
912,4.125
913,2.875
914,3.75
915,3.85
916,3.875
917,4.075
918,3.875
919,3.675
920,3.5
921,3.575
922,3.9
923,2.825
924,3.875
925,3.95
926,3.725
927,3.775
928,4.15
929,4.1
930,2.75
931,2.45
932,4.15
933,3.625
934,3.975
935,3.9
936,3.825
937,3.725
938,3.8
939,3.875
940,3.16667
941,3.725
942,3.125
943,4.125
944,4.15
945,3.175
946,3.625
947,3.85
948,2.1
949,3.775
950,3.3
951,3.85
952,3.55
953,3.225
954,3.075
955,4
956,4.025
957,3.275
958,3.85
959,4.125
960,3.775
961,4
962,4.25
963,4
964,3.1
965,3.675
966,3.725
967,3.575
968,3.5
969,4
970,3.775
971,3.975
972,4.2
973,3.375
974,3.575
975,3.65
976,4.175
977,3.225
978,3.325
979,3.6
980,4.125
981,3.85
982,3.55
983,4.275
984,3.875
985,3.31579
986,3.675
987,3.95
988,4.15
989,3.95
990,3.125
991,2.575
992,3.55
993,3.7
994,3.35
995,2.925
996,4.2
997,3.975
998,3.95
999,3.975
1000,4.05
1001,3.625
1002,3.475
1003,3.675
1004,3.925
1005,3.8
1006,3.65
1007,3.575
1008,3
1009,3.025
1010,3.725
1011,3.675
1012,3.575
1013,3.6
1014,4.15
1015,3.925
1016,2.5
1017,3.675
1018,4.15
1019,3.55
1020,4.15
1021,2.425
1022,3.025
1023,3.975
1024,3.075
1025,4.3
1026,3.075
1027,3.95
1028,3.725
1029,3.625
1030,3.325
1031,3.5
1032,3.85
1033,4.15
1034,3.75
1035,3.775
1036,2.975
1037,3.9
1038,3.5
1039,3.375
1040,4.225
1041,2.35
1042,3.3
1043,3.35
1044,3.85
1045,3.475
1046,3.55
1047,3.25
1048,4.15
1049,3.2
1050,4
1051,4.1
1052,4.125
1053,3.75
1054,3.35
1055,3.825
1056,3.875
1057,3.725
1058,3.375
1059,4
1060,3.75
1061,3.725
1062,4.325
1063,3.825
1064,3.125
1065,4.1
1066,3.95
1067,3.125
1068,4.075
1069,4.025
1070,3.625
1071,4.1
1072,4.025
1073,2.875
1074,2.725
1075,3.35
1076,4.05
1077,2.375
1078,3.5
1079,3.425
1080,3.475
1081,4.5
1082,3.525
1083,3.375
1084,3.975
1085,3.85
1086,3.825
1087,3.975
1088,3.575
1089,4.1
1090,3.025
1091,2.975
1092,3.325
1093,3.55
1094,3.85
1095,3.875
1096,4.1
1097,3.7
1098,3.5
1099,3.875
1100,3.9
1101,3.6
1102,3.55
1103,3.825
1104,3.2
1105,4.3
1106,3.875
1107,3.925
1108,4
1109,3.525
1110,3.55
1111,4.125
1112,3.7
1113,3.2
1114,3.55
1115,4.175
1116,3.5
1117,4.225
1118,3.775
1119,4.025
1120,3.825
1121,3.525
1122,2.775
1123,3.05
1124,3.575
1125,3.85
1126,4
1127,3.375
1128,3.475
1129,3.625
1130,4.275
1131,3.325
1132,2.975
1133,3.375
1134,3.875
1135,2.75
1136,2.6
1137,2.65
1138,3.9
1139,4.175
1140,3.35
1141,3.125
1142,3.45
1143,3.8
1144,3.75
1145,3.725
1146,3.925
1147,3.725
1148,3.125
1149,3.35
1150,3.65
1151,3.075
1152,3.35
1153,4.15
1154,3.425
1155,4.15
1156,4.35
1157,3.75
1158,3.975
1159,4.175
1160,3.775
1161,3.125
1162,3.325
1163,3.575
1164,4.25
1165,2.8
1166,4.05
1167,4.05
1168,2.975
1169,3.575
1170,3.85
1171,4.075
1172,4.025
1173,3.85
1174,3.425
1175,4
1176,3.875
1177,4
1178,3.25
1179,3.325
1180,3.5
1181,3.975
1182,4.375
1183,4
1184,4.05
1185,4.225
1186,3.7
1187,3.85
1188,3.025
1189,2.45
1190,3.925
1191,3.625
1192,4.1
1193,3.1
1194,3.675
1195,3.2
1196,4.025
1197,3.775
1198,3.1
1199,4.05
1200,3.975
1201,3.725
1202,3.625
1203,3.85
1204,3.575
1205,3.45
1206,3.85
1207,3.825
1208,3.625
1209,2.9
1210,3.175
1211,4.025
1212,3.95
1213,3.3
1214,1.5
1215,3.8
1216,3.675
1217,3.8
1218,4.2
1219,4.3
1220,4.125
1221,2.65
1222,3.225
1223,2.85
1224,3.175
1225,3.125
1226,4.125
1227,3.75
1228,3.125
1229,3.525
1230,3.6
1231,3.7
1232,4.05
1233,3.35
1234,3.55
1235,3.925
1236,2.625
1237,3.15
1238,3.25
1239,3.2
1240,3.225
1241,4.175
1242,2.775
1243,3.975
1244,3.925
1245,3.625
1246,3.025
1247,4.325
1248,3.725
1249,3.425
1250,3.775
1251,3.875
1252,3.45
1253,4.175
1254,3.3
1255,3.15
1256,3.675
1257,3.9
1258,2.775
1259,3.95
1260,3.125
1261,3.8
1262,4.075
1263,3.3
1264,3.725
1265,3.525
1266,3.325
1267,3.775
1268,3.65
1269,3.9
1270,3.525
1271,3.65
1272,3.625
1273,3.8
1274,3.975
1275,4.025
1276,4.075
1277,3.8
1278,3.775
1279,3.775
1280,3
1281,4.325
1282,3.85
1283,3.5
1284,4.1
1285,3.225
1286,3.775
1287,3.875
1288,3.85
1289,3.075
1290,3.75
1291,2.725
1292,3.9
1293,3.925
1294,3.45
1295,3.2
1296,4
1297,3.9
1298,3
1299,4.075
1300,3.25
1301,4.05
1302,3.75
1303,3.3
1304,3.175
1305,4.2
1306,4.025
1307,3.525
1308,3.8
1309,3.85
1310,3.175
1311,3.625
1312,4
1313,4.1
1314,4.15
1315,4.05
1316,4.025
1317,4.05
1318,3
1319,3.675
1320,3.95
1321,4.3
1322,3.6
1323,2.77273
1324,3.75
1325,3.875
1326,4.375
1327,4.075
1328,3.275
1329,4.35
1330,3.625
1331,3.925
1332,3.425
1333,3.25
1334,2.52778
1335,3.65
1336,3.9
1337,2.95
1338,3.075
1339,2.85
1340,4.3
1341,3.875
1342,4
1343,3.525
1344,3.1
1345,3.375
1346,4.45
1347,3.8
1348,2.8
1349,2.825
1350,3.375
1351,4.15
1352,3.625
1353,4.125
1354,3.675
1355,4.275
1356,3.875
1357,4.125
1358,3.775
1359,3.475
1360,3.4
1361,4.0625
1362,3.225
1363,2.975
1364,3.625
1365,3
1366,3.625
1367,3.65
1368,3.5
1369,3.7
1370,4.075
1371,3.975
1372,3.05
1373,3.8
1374,3.325
1375,3.775
1376,4.1
1377,3.95
1378,3.675
1379,3.25
1380,3.9
1381,3.4
1382,3.025
1383,3.9
1384,3.825
1385,4.125
1386,2.8
1387,3.725
1388,2.175
1389,3.6
1390,4.25
1391,3.2
1392,4.125
1393,4.025
1394,3.85
1395,4.075
1396,3.5
1397,3.85
1398,4.175
1399,3.975
1400,3.625
1401,4.1
1402,3.725
1403,4.075
1404,3.11111
1405,3.325
1406,3.9
1407,3.325
1408,3.9
1409,3.85
1410,3.95
1411,3.725
1412,3.775
1413,3.675
1414,3.85
1415,3.175
1416,3.9
1417,3.525
1418,3.525
1419,3.2
1420,3.925
1421,3.275
1422,3.65
1423,3.025
1424,3.975
1425,3.725
1426,3.025
1427,4
1428,4.15
1429,3.875
1430,4
1431,2.975
1432,3.775
1433,3.9
1434,4.3
1435,2.825
1436,3.275
1437,3.825
1438,2.125
1439,3.875
1440,4
1441,3.975
1442,3.5
1443,4.025
1444,4
1445,3.75
1446,4.125
1447,3.45
1448,4.2
1449,4.275
1450,3.725
1451,2.95
1452,4.1
1453,3.275
1454,4.1
1455,3.4
1456,4.05
1457,3.7
1458,4
1459,3.125
1460,3.5
1461,3.25
1462,3.2
1463,4.125
1464,4.125
1465,2.975
1466,4.15
1467,3.225
1468,4.025
1469,4.15
1470,4.2
1471,3.175
1472,3
1473,3.475
1474,3.375
1475,4
1476,3.625
1477,4.075
1478,1.95
1479,4.025
1480,3.575
1481,3.7
1482,3.95
1483,3.825
1484,3.75
1485,4.05
1486,3.625
1487,3.925
1488,3.65
1489,3.3
1490,3.9
1491,2.5
1492,3.625
1493,3.25
1494,4.325
1495,3.125
1496,3.9
1497,3.525
1498,3.675
1499,3.95
1500,3.625
1501,3.25
1502,3.675
1503,4.025
1504,3.975
1505,4.05
1506,4
1507,3.075
1508,3.775
1509,4
1510,3.75
1511,4.125
1512,3.85
1513,3.575
1514,4.225
1515,4.025
1516,3.725
1517,3.375
1518,3.95
1519,3.825
1520,3.9
1521,3.85
1522,3.6
1523,3.5
1524,4.125
1525,3.075
1526,3.625
1527,3.725
1528,3.825
1529,3.9
1530,3.75
1531,4.225
1532,3.525
1533,3.075
1534,3.075
1535,3.425
1536,3.825
1537,4.125
1538,3.225
1539,3.85
1540,4.4
1541,3.925
1542,4.15
1543,3.65
1544,3.275
1545,3.975
1546,3.925
1547,4.025
1548,3.8
1549,3.675
1550,4.075
1551,3.65
1552,2.725
1553,2.4
1554,3.6
1555,3.9
1556,3.8
1557,4.1
1558,3.6
1559,3
1560,3.35
1561,2.875
1562,3.75
1563,4.25
1564,3.875
1565,4.2
1566,3.3
1567,3.1
1568,3.1
1569,3.7
1570,2.65
1571,3.85
1572,4.025
1573,4
1574,3.78571
1575,3.975
1576,3.70588
1577,3.775
1578,3.275
1579,2.4
1580,3.825
1581,3.675
1582,3.575
1583,3.45
1584,3.95
1585,3.475
1586,3.425
1587,4.15
1588,3.725
1589,3.4
1590,3.575
1591,3.9
1592,4
1593,3.85
1594,3.775
1595,4.075
1596,3.45
1597,3.4
1598,3.725
1599,3.775
1600,3.125
1601,2.875
1602,3.7
1603,3.65
1604,3.625
1605,3.575
1606,4.175
1607,3.475
1608,3.7
1609,3.725
1610,3.6
1611,3.525
1612,4
1613,3.675
1614,4
1615,3.9
1616,4.25
1617,2.42857
1618,4
1619,2.925
1620,2.925
1621,4.075
1622,3.35
1623,4.025
1624,3.725
1625,3.8
1626,4
1627,2.95
1628,4.2
1629,3.65
1630,3.675
1631,3.875
1632,3.525
1633,3.525
1634,3.8
1635,3.9
1636,3.825
1637,4.4
1638,2.975
1639,3.975
1640,3.775
1641,4.025
1642,3.75
1643,4
1644,3.85
1645,4.025
1646,3.975
1647,3.9
1648,3.825
1649,3.775
1650,4.15
1651,3.7
1652,3.25
1653,4.075
1654,2.35
1655,4.375
1656,4.075
1657,4.05
1658,3.2
1659,3.85
1660,3.15
1661,3.925
1662,3.85
1663,3.7
1664,4.3
1665,4.125
1666,3.85
1667,3.425
1668,3.95
1669,2.6
1670,4.25
1671,3.7
1672,3.325
1673,3.425
1674,4.3
1675,4.175
1676,3.8
1677,3.85
1678,3.075
1679,2.525
1680,2.6
1681,3.525
1682,3.9
1683,4.1
1684,4.125
1685,4.25
1686,2.7
1687,2.7
1688,3.125
1689,3.75
1690,3
1691,3.55
1692,3.975
1693,3.45
1694,3.925
1695,3.35
1696,3.375
1697,3.325
1698,4.1
1699,3.9
1700,3.25
1701,3.625
1702,3.575
1703,4.175
1704,3.275
1705,3.7
1706,3.6
1707,3.375
1708,4
1709,3.825
1710,3.975
1711,3.175
1712,3.35
1713,3.525
1714,4.075
1715,3.525
1716,3.2
1717,3.85
1718,3.5
1719,2.675
1720,3.725
1721,3.725
1722,3.125
1723,3.975
1724,3.4
1725,3.8
1726,3.65
1727,3.1
1728,3.425
1729,3.625
1730,4.15
1731,3.225
1732,4.25
1733,3.825
1734,4.1
1735,2.775
1736,3.775
1737,3.375
1738,4.175
1739,3.85
1740,3.75
1741,3.925
1742,3.65
1743,3.8
1744,4
1745,3.95
1746,3.5
1747,2.95
1748,3.2
1749,4
1750,3.95
1751,3.15
1752,3.575
1753,3.05
1754,3.325
1755,4
1756,3.7
1757,3.2
1758,3.3
1759,4
1760,4.2
1761,3.675
1762,3.725
1763,3.075
1764,4.05
1765,3.9
1766,3.675
1767,2.8
1768,3.25
1769,4.175
1770,4.175
1771,3.95
1772,3.7
1773,4
1774,3.825
1775,2.875
1776,4.025
1777,3.95
1778,4.175
1779,4.1
1780,3.625
1781,3.675
1782,3.475
1783,3.125
1784,3.925
1785,4.075
1786,3.65
1787,4.05
1788,3.075
1789,3.85
1790,3.9
1791,3.725
1792,2.925
1793,3.925
1794,3.575
1795,3.6
1796,4.1
1797,4.125
1798,3.325
1799,3.275
1800,3.76316
1801,3.6
1802,3.675
1803,3.85
1804,3.775
1805,3.275
1806,3.575
1807,3.775
1808,3.95
1809,3
1810,3
1811,3.825
1812,3.825
1813,3.95
1814,3.325
1815,3.85
1816,4.125
1817,3.525
1818,3.725
1819,3.525
1820,4.225
1821,3.225
1822,3.95
1823,3.65
1824,3.35
1825,2.95
1826,4.075
1827,3.55
1828,3.2
1829,3.875
1830,4
1831,4.25
1832,3.925
1833,4.025
1834,4.175
1835,4.025
1836,4.025
1837,3.575
1838,4.125
1839,4.175
1840,3.6
1841,3.95
1842,3.475
1843,3.625
1844,3.925
1845,3.7
1846,3.05
1847,3.675
1848,3.7
1849,3.025
1850,4
1851,3.825
1852,3.825
1853,4.125
1854,3.425
1855,4.025
1856,4.025
1857,3.65
1858,3.475
1859,4.05
1860,3.775
1861,3.975
1862,3.45
1863,3.25
1864,3.025
1865,3.65
1866,3.325
1867,3.825
1868,2.325
1869,3.65
1870,3.6
1871,4.1
1872,4.075
1873,3.85
1874,3.45
1875,4.225
1876,3.75
1877,3.425
1878,3.4
1879,3.85
1880,3.5
1881,3.1
1882,3.05
1883,3.5
1884,2.225
1885,3.5
1886,3.75
1887,3.425
1888,3.25
1889,3.8
1890,4
1891,3.575
1892,3.725
1893,2.925
1894,3.1
1895,3.3
1896,4.025
1897,3.475
1898,3.2
1899,3.3
1900,4.1
1901,2.775
1902,3.625
1903,3.6
1904,3.4
1905,4.475
1906,3.275
1907,3.6
1908,4.05
1909,3.375
1910,3.9
1911,3.9
1912,4.2
1913,3.275
1914,3.825
1915,3.225
1916,3.825
1917,3.825
1918,2.75
1919,3.225
1920,3.925
1921,4.15
1922,3.55
1923,3.8
1924,4.425
1925,3.8
1926,4.25
1927,3.375
1928,3.775
1929,2.975
1930,2.85
1931,3.725
1932,4.525
1933,3.675
1934,4.125
1935,3.825
1936,2.325
1937,3.55
1938,3.45
1939,3.55
1940,3.9
1941,4.225
1942,3.65
1943,3.075
1944,4.2
1945,3.425
1946,3.425
1947,2.95
1948,4.125
1949,3.95
1950,4.175
1951,3.925
1952,3.85
1953,4.225
1954,3.725
1955,3.625
1956,3.525
1957,4
1958,4.05
1959,3.475
1960,2.55
1961,3.65
1962,3.775
1963,3.075
1964,2.95
1965,3.875
1966,3.85
1967,3.625
1968,3.71429
1969,4
1970,2.775
1971,3.325
1972,3.775
1973,3.3
1974,2.65
1975,2.45
1976,2.6
1977,3.425
1978,4.1
1979,2.65
1980,4.15
1981,3.675
1982,4.2
1983,3.75
1984,3.975
1985,3.975
1986,3.15
1987,2.25
1988,3.825
1989,3.025
1990,3.2
1991,3.6
1992,3.825
1993,3.25
1994,3.375
1995,3.325
1996,3.275
1997,3.2
1998,2.375
1999,2.925
2000,3.8
2001,4.2
2002,3.225
2003,3.1
2004,3.725
2005,3.9
2006,3.7
2007,3.875
2008,4
2009,3.725
2010,3.95
2011,3.825
2012,3.6
2013,2.1
2014,4.05
2015,3.775
2016,4
2017,4.025
2018,3.8
2019,3.55
2020,3.7
2021,4.1
2022,4.125
2023,3.675
2024,3.55
2025,3.825
2026,3.175
2027,4.1
2028,2.75
2029,3.125
2030,2.5
2031,3.225
2032,4.05
2033,3.475
2034,4.175
2035,3.35
2036,3.5
2037,3.525
2038,3.525
2039,3.925
2040,2.375
2041,3.975
2042,3.375
2043,4.025
2044,3.375
2045,4.275
2046,3.6
2047,4.025
2048,4.4
2049,3.975
2050,3.6
2051,3.575
2052,4
2053,3.575
2054,4.15
2055,3.225
2056,3.9
2057,3.6
2058,3.6
2059,3.3
2060,3.925
2061,3.8
2062,3.7
2063,3.525
2064,4.075
2065,3.675
2066,4.125
2067,4
2068,3.875
2069,3.875
2070,3.575
2071,3.475
2072,3.5
2073,3.675
2074,3.85
2075,4.1
2076,2.525
2077,3.925
2078,3.75
2079,3.2
2080,3.825
2081,3.75
2082,3.975
2083,3.13889
2084,3.775
2085,3.475
2086,4.025
2087,4.025
2088,3.325
2089,3.5
2090,2.9
2091,3.7
2092,3.925
2093,3.025
2094,3.975
2095,3.55
2096,4.2
2097,3.675
2098,3.5
2099,3.475
2100,3.3
2101,3.675
2102,4.35
2103,3.575
2104,3.35
2105,3.75
2106,2.675
2107,4.125
2108,4.225
2109,4.1
2110,3.525
2111,3.625
2112,3.65
2113,4.175
2114,4.225
2115,3.725
2116,3.35
2117,4
2118,3.825
2119,3.55
2120,2.875
2121,3.875
2122,4.125
2123,3.525
2124,3.95
2125,3.65
2126,3.825
2127,3.725
2128,3.725
2129,3.475
2130,3.475
2131,2.88889
2132,3.85
2133,2.4
2134,3.225
2135,3.5
2136,3.725
2137,3.075
2138,3.825
2139,2.5
2140,3.525
2141,4.15
2142,3.85
2143,2.65
2144,3.35
2145,3.825
2146,3.175
2147,3.425
2148,3.4
2149,3.025
2150,3.75
2151,4.1
2152,3.775
2153,3.725
2154,3.05
2155,3.7
2156,3.8
2157,3.9
2158,3.3
2159,4.075
2160,4.15
2161,4.125
2162,3.95
2163,3.675
2164,3.625
2165,3.85
2166,4.4
2167,4.05
2168,3.7
2169,3.925
2170,3.325
2171,4.1
2172,3.8
2173,3.25
2174,3.975
2175,4.15
2176,3.95
2177,3.775
2178,3.6
2179,4.05
2180,3.675
2181,4.1
2182,4.05
2183,2.025
2184,4.025
2185,2.85
2186,3.975
2187,4
2188,3.125
2189,3.3
2190,4.1
2191,3.8
2192,3.675
2193,3.575
2194,3.825
2195,4.025
2196,4.475
2197,2.425
2198,3.8
2199,3.625
2200,2.675
2201,2.725
2202,4.175
2203,3.675
2204,3.925
2205,3.675
2206,3.975
2207,3.75
2208,3.8
2209,3.725
2210,3.45
2211,3.65
2212,3.625
2213,4.07143
2214,3.9
2215,3.975
2216,4.025
2217,3.525
2218,3.425
2219,3.625
2220,3.9
2221,3.5
2222,3.95
2223,3.5
2224,4.1
2225,3
2226,3.175
2227,4.05
2228,3.575
2229,3.575
2230,4.225
2231,3.125
2232,3.775
2233,4.15
2234,3.825
2235,3.225
2236,3.6
2237,3.575
2238,3.975
2239,4.425
2240,3.9
2241,3.625
2242,3.075
2243,4.225
2244,3.425
2245,3.375
2246,3.975
2247,3.975
2248,4.175
2249,4.05
2250,4.05
2251,3.15
2252,3.75
2253,4.175
2254,3.5
2255,3.825
2256,3.9
2257,3.65
2258,4.075
2259,3.45
2260,3.675
2261,4.175
2262,3.625
2263,3.525
2264,3.55
2265,3.375
2266,3.6
2267,4.025
2268,3.15
2269,3.4
2270,3.975
2271,4.2
2272,3.8
2273,3.875
2274,3.45
2275,3.875
2276,3.6
2277,3.925
2278,3.975
2279,3.125
2280,3.15
2281,3.9
2282,3.475
2283,3.625
2284,3.5
2285,3.2
2286,3.85
2287,3.925
2288,2.975
2289,4.05
2290,3.325
2291,3.925
2292,3.325
2293,4.2
2294,4.2
2295,3.1
2296,3.575
2297,3
2298,4.025
2299,4.175
2300,3.85
2301,3.85
2302,3.83333
2303,3.875
2304,3.575
2305,3.8
2306,3.4
2307,3.925
2308,3.4
2309,4.05
2310,4.075
2311,3.55
2312,3.65
2313,3.7
2314,3.675
2315,3.85
2316,3.025
2317,4.1
2318,3.575
2319,3.85
2320,4.25
2321,4.175
2322,3.825
2323,2.825
2324,3.1
2325,3.85
2326,3.5
2327,3.9
2328,3.575
2329,4.15
2330,3.65
2331,3
2332,3.5
2333,3.8
2334,4.325
2335,3.65
2336,4.075
2337,3.55
2338,3.675
2339,3.425
2340,3.775
2341,3.7
2342,3.625
2343,3.975
2344,2.975
2345,3.55
2346,4.3
2347,3.675
2348,3.975
2349,3.85
2350,3.825
2351,3.625
2352,3.875
2353,3.925
2354,3.25
2355,3.175
2356,3.875
2357,3.925
2358,3.925
2359,3.775
2360,4.025
2361,4.125
2362,3.025
2363,3.8
2364,3.475
2365,3.975
2366,3.225
2367,3.725
2368,3.675
2369,4.075
2370,3.35
2371,3.45
2372,3.55
2373,2.825
2374,3.525
2375,4.1
2376,3.875
2377,3.175
2378,3.6
2379,4.225
2380,3.275
2381,3.6
2382,3.525
2383,3.9
2384,4.35
2385,4.225
2386,3.975
2387,2.575
2388,3.775
2389,2.6
2390,3.65
2391,3.55
2392,3.775
2393,4.075
2394,3.975
2395,3.45
2396,3.55
2397,3.55
2398,3.45
2399,4
2400,3.275
2401,3.975
2402,3.675
2403,3.925
2404,3.35
2405,3.05
2406,3.4
2407,3.45
2408,3.6
2409,3.35
2410,3.675
2411,2.825
2412,4.05
2413,3.425
2414,3.925
2415,3.425
2416,3.575
2417,4.125
2418,3.6
2419,3.75
2420,3.525
2421,3.8
2422,3.5
2423,4.05
2424,3.95
2425,3.325
2426,3.825
2427,3.525
2428,3.175
2429,4.125
2430,3.575
2431,3
2432,3.75
2433,3.75
2434,3.225
2435,2.95
2436,3.3
2437,3.6
2438,3.475
2439,3.55
2440,3.125
2441,4.05
2442,3.125
2443,4.125
2444,3.45
2445,3.975
2446,3.65
2447,3.9
2448,3.5
2449,3.7
2450,2.875
2451,4.375
2452,3.85
2453,3.475
2454,3.025
2455,2.8
2456,3.2
2457,3.25
2458,4.175
2459,3.7
2460,4.125
2461,3.175
2462,3.775
2463,3.825
2464,2.9
2465,3.575
2466,3.7
2467,4.05
2468,3.75
2469,3.15
2470,3.9
2471,3.075
2472,4.2
2473,3.95
2474,3.85
2475,4
2476,4.125
2477,3.6
2478,3.625
2479,4.025
2480,3.775
2481,3.65
2482,3.6
2483,3.975
2484,3.75
2485,3.625
2486,3.05
2487,3.9
2488,3.725
2489,4
2490,3.875
2491,3.525
2492,4.175
2493,3.475
2494,4.025
2495,3.025
2496,3.525
2497,3.9
2498,4.25
2499,2.65
2500,2.075
2501,3.3
2502,3.875
2503,3.975
2504,3.475
2505,4.45
2506,2.95
2507,3.975
2508,4.15
2509,3.2
2510,4.175
2511,4.25
2512,3.2
2513,3.65
2514,3.625
2515,3.5
2516,3.075
2517,3.725
2518,2.65
2519,4.35
2520,3.925
2521,4.025
2522,3.45
2523,3.325
2524,3.5
2525,3.275
2526,2.975
2527,3.7
2528,3.25
2529,3.55
2530,3.625
2531,2.525
2532,4.025
2533,4.05
2534,3.925
2535,4.3
2536,3.625
2537,3.9
2538,3.225
2539,4.275
2540,4.05
2541,4.075
2542,3.225
2543,4.175
2544,3.4
2545,3.85
2546,3.375
2547,3.85
2548,4.225
2549,3.25
2550,3.5
2551,4
2552,3.675
2553,3.15
2554,3.55
2555,2.9375
2556,3.8
2557,3.825
2558,3.925
2559,2.725
2560,2.575
2561,3.5
2562,1.8
2563,3.775
2564,3.575
2565,3.7
2566,3.5
2567,3.65
2568,3.2
2569,2.575
2570,3.825
2571,3.45
2572,4.175
2573,2.95
2574,3.475
2575,2.775
2576,3.75
2577,3.525
2578,3.3
2579,3.175
2580,3.85
2581,3.625
2582,4.325
2583,4
2584,3.875
2585,3.775
2586,3
2587,4.075
2588,4.175
2589,3.85
2590,3.175
2591,3.575
2592,3.7
2593,3.95
2594,3.375
2595,3.125
2596,3.85
2597,4.125
2598,3.175
2599,4.05
2600,3.175
2601,3.95
2602,4.275
2603,3.275
2604,3.275
2605,4.125
2606,3.925
2607,3.9
2608,3.125
2609,3.9
2610,4.175
2611,4.1
2612,2.975
2613,2.8
2614,2.95
2615,2.975
2616,3.3
2617,3.4
2618,3.65
2619,3.65
2620,3.525
2621,3.925
2622,3.65
2623,4.225
2624,4.05
2625,3.175
2626,3.5
2627,3.975
2628,3.325
2629,3.8
2630,4.3
2631,3.475
2632,3.65
2633,3.825
2634,3.7
2635,2.975
2636,3.725
2637,3.525
2638,3.8
2639,3.375
2640,4.025
2641,3.35
2642,3.925
2643,4.125
2644,2.15
2645,4.3
2646,3.275
2647,2.9
2648,2.725
2649,3.225
2650,3.975
2651,3.525
2652,3.925
2653,3.575
2654,3.725
2655,3.725
2656,3.675
2657,2.75
2658,3.975
2659,4.2
2660,4.2
2661,2.95
2662,3.975
2663,3.35
2664,3.6
2665,3.725
2666,4.025
2667,4.125
2668,3.925
2669,4.075
2670,3.775
2671,3.95
2672,3.65
2673,3.725
2674,3.875
2675,2.8
2676,4.025
2677,3.6
2678,3.775
2679,2.625
2680,3.7
2681,3.775
2682,2.675
2683,3.35
2684,4
2685,3.875
2686,3.9
2687,3.725
2688,2.475
2689,3.825
2690,3.575
2691,3.825
2692,3.825
2693,3.425
2694,3.6
2695,3.35
2696,3.825
2697,3.45
2698,4.025
2699,3.55
2700,3.8
2701,2.55
2702,2.9
2703,3.525
2704,2.4
2705,2.65
2706,3.875
2707,3.5
2708,3.8
2709,3.85
2710,3.65
2711,3.525
2712,3.25
2713,4.175
2714,3.675
2715,3.95
2716,2.67857
2717,2.5
2718,3.95
2719,3.95
2720,4.1
2721,4
2722,3.525
2723,3.375
2724,3.375
2725,3.525
2726,4.225
2727,4
2728,4.025
2729,4
2730,3.175
2731,3.6
2732,3.225
2733,4.15
2734,3.675
2735,3.325
2736,3.275
2737,3.45
2738,3.75
2739,4.2
2740,3.4
2741,3.2
2742,3.725
2743,4.025
2744,3.9
2745,3
2746,4.325
2747,3.85
2748,3.6
2749,3.5
2750,3.675
2751,3.775
2752,3.025
2753,3.775
2754,4.05
2755,3.475
2756,4.1
2757,4
2758,3.8
2759,3.625
2760,3.675
2761,3
2762,3.7
2763,3.4
2764,4.3
2765,2.625
2766,3.875
2767,3.925
2768,4
2769,3.8
2770,2.75
2771,3.7
2772,2.375
2773,3.925
2774,3.65
2775,3.775
2776,3.75
2777,3.575
2778,3.875
2779,3.325
2780,3.775
2781,3.875
2782,3.25
2783,3.575
2784,3.15
2785,3.6
2786,4.025
2787,3.525
2788,3.19444
2789,3.375
2790,3.225
2791,3.8
2792,3.7
2793,3.3
2794,2.975
2795,3.95
2796,4.125
2797,4.35
2798,2.875
2799,3.25
2800,3.975
2801,3.55
2802,3.5
2803,3.775
2804,4.225
2805,3.975
2806,3.525
2807,3.85
2808,3.525
2809,3.7
2810,3.45
2811,4.275
2812,3.625
2813,4.1
2814,3.7
2815,3.425
2816,3.75
2817,3.825
2818,3.9
2819,4.175
2820,3.675
2821,3.55
2822,3.65
2823,2.45
2824,3.35
2825,4.05
2826,3.875
2827,4.075
2828,4.05
2829,3.975
2830,4.125
2831,3.55
2832,3.275
2833,4
2834,3.325
2835,3.95
2836,3.45
2837,3.325
2838,3.9
2839,3.325
2840,3.125
2841,3.825
2842,3.2
2843,4.05
2844,4.125
2845,4.1
2846,3.1
2847,2.775
2848,3.55
2849,3.475
2850,3.875
2851,4.15
2852,4.15
2853,4
2854,4.025
2855,4.35
2856,2.475
2857,3.525
2858,3.775
2859,3.975
2860,3.55
2861,4.05
2862,3.8
2863,2.75
2864,3.5
2865,4
2866,4.325
2867,3.025
2868,3.925
2869,4.05
2870,3.025
2871,4.05
2872,3.025
2873,3.525
2874,3.75
2875,3.725
2876,3.05
2877,3.45
2878,3.4
2879,3.725
2880,2.45
2881,2.125
2882,4.3
2883,3.25
2884,3.925
2885,4.275
2886,3.225
2887,2.525
2888,3.325
2889,3.13158
2890,3.625
2891,4.375
2892,3.975
2893,3.7
2894,4.1
2895,3.95
2896,3.725
2897,4.1
2898,2.825
2899,3.875
2900,3.9
2901,2.775
2902,3.975
2903,4.05
2904,3.25
2905,3.55
2906,3.85
2907,4.075
2908,3.9
2909,3.95
2910,4.025
2911,2.975
2912,4.125
2913,3.475
2914,3.525
2915,3.1
2916,4.05
2917,3.35
2918,2.975
2919,4.05
2920,4.3
2921,3.55
2922,3.3
2923,3.2
2924,3.9
2925,3.65
2926,3.775
2927,4.3
2928,3.925
2929,3.7
2930,4.275
2931,3.675
2932,2.5
2933,3.225
2934,3.625
2935,3.825
2936,3.675
2937,3.55
2938,4.15
2939,4.05
2940,4.15
2941,3.725
2942,3.475
2943,4.15
2944,4
2945,4.1
2946,3.625
2947,3.8
2948,4
2949,3.55
2950,3.375
2951,2.375
2952,3.65
2953,4.125
2954,3.45
2955,3.9
2956,3.125
2957,3.65
2958,4.275
2959,3.425
2960,2.85
2961,3.65
2962,4
2963,2.975
2964,3.275
2965,3.275
2966,2.525
2967,4.25
2968,3.85
2969,4.15
2970,3.725
2971,3.7
2972,3.375
2973,3.425
2974,3.25
2975,3.825
2976,3.475
2977,3.725
2978,3.75
2979,3.775
2980,3.775
2981,3.45
2982,4.325
2983,4.25
2984,4.05
2985,4.325
2986,3.45
2987,3.65
2988,3.6
2989,3.9
2990,3.575
2991,3.7
2992,3.975
2993,3.65
2994,4.225
2995,4
2996,3.4
2997,4.25
2998,4.125
2999,3.85
3000,3.1
3001,3.7
3002,3.875
3003,4.15
3004,2.85
3005,3.725
3006,3.975
3007,3.5
3008,3.6
3009,4.275
3010,4.05
3011,2.9
3012,3.925
3013,3.525
3014,2.45
3015,3.525
3016,4.025
3017,3.725
3018,4.125
3019,3.5
3020,3.55
3021,2.725
3022,3.525
3023,4.25
3024,3.575
3025,4.375
3026,3.3
3027,3.35
3028,4
3029,3.6
3030,3.225
3031,2.925
3032,2.675
3033,3.3
3034,3.5
3035,3.775
3036,3.35
3037,3.875
3038,3.775
3039,3.4
3040,4.075
3041,2.55556
3042,3.475
3043,2.575
3044,3.6
3045,4.125
3046,3.6
3047,3.925
3048,3.5
3049,3.575
3050,4.4
3051,4.225
3052,2.85
3053,4.025
3054,3.45
3055,3.475
3056,3.775
3057,4.125
3058,2.525
3059,3.025
3060,4.075
3061,3.875
3062,3.3
3063,3.45
3064,3.775
3065,3.75
3066,3.5
3067,3.775
3068,3.65
3069,3.9
3070,3.875
3071,3.525
3072,3.25
3073,3.725
3074,2.95
3075,3.9
3076,4.2
3077,3.475
3078,3.275
3079,1.3
3080,2.8
3081,3.725
3082,4.025
3083,3.4
3084,4.075
3085,3.5
3086,3.725
3087,2.3
3088,2.9
3089,4.225
3090,4
3091,3.925
3092,3.675
3093,3.775
3094,4.275
3095,3.45
3096,3.2
3097,4.15
3098,4.125
3099,3.8
3100,3.975
3101,3.8
3102,2.5
3103,4
3104,4.125
3105,3.75
3106,4.275
3107,3.975
3108,2.975
3109,3.575
3110,3.95
3111,3.625
3112,3.625
3113,3.725
3114,3.925
3115,3.57143
3116,4.125
3117,4.2
3118,3.675
3119,4
3120,3.575
3121,3.1
3122,3.35
3123,3.1
3124,3.925
3125,4.25
3126,3.35
3127,3.775
3128,2.85
3129,2.66667
3130,3.5
3131,3.825
3132,4.1
3133,3.625
3134,2.675
3135,3.4
3136,4.1
3137,3.65
3138,3.9
3139,3.725
3140,3.7
3141,3.675
3142,4.1
3143,3.575
3144,3.75
3145,3.35
3146,3.175
3147,3.85
3148,3.375
3149,3.6
3150,3.525
3151,3.825
3152,3.725
3153,3.775
3154,3.775
3155,3.28571
3156,3.65
3157,4.175
3158,3.25
3159,3.975
3160,4.2
3161,3.925
3162,3.55
3163,3.025
3164,2.775
3165,3.15
3166,3.05
3167,3.875
3168,3.05
3169,3.075
3170,3.9
3171,2.975
3172,4.25
3173,2.675
3174,3.05
3175,3.3
3176,3.85
3177,3.6
3178,3.775
3179,3.75
3180,3.65
3181,3.35
3182,4.375
3183,4.05
3184,3.8
3185,3.5
3186,3.05
3187,3.25
3188,2.55
3189,3.95
3190,4.075
3191,4
3192,4.2
3193,3.825
3194,3.175
3195,4.075
3196,3.41667
3197,2.875
3198,4.075
3199,3.85
3200,3.85
3201,3.175
3202,3.925
3203,4.425
3204,4.025
3205,3.775
3206,3.525
3207,3.975
3208,3.175
3209,4
3210,3.65
3211,3.7
3212,3.55
3213,3.975
3214,2.75
3215,4.4
3216,3.725
3217,3.7
3218,3.725
3219,3.825
3220,3.825
3221,3.975
3222,3.85
3223,3.9
3224,3.35
3225,3.4
3226,4.15
3227,3.825
3228,3.775
3229,3.825
3230,4.225
3231,3.075
3232,3.9
3233,2.975
3234,3.975
3235,4.075
3236,3.4
3237,4.1
3238,4.25
3239,3.725
3240,3.475
3241,3.825
3242,4.05
3243,3.85
3244,4.025
3245,3.5
3246,3.6
3247,4.125
3248,3.8
3249,3.875
3250,4.275
3251,3.8
3252,3.85
3253,3.225
3254,3.75
3255,3.875
3256,3.725
3257,3.5
3258,3.95
3259,3.65
3260,3.925
3261,3.175
3262,4
3263,3.75
3264,3.05
3265,3.875
3266,3.75
3267,3.7
3268,3.425
3269,4.025
3270,4.125
3271,3.925
3272,3.675
3273,3.55
3274,4.35
3275,3.65
3276,4.2
3277,2.85
3278,3.8
3279,3.325
3280,3.75
3281,3.65
3282,3.075
3283,3.45
3284,4
3285,3.425
3286,3.7
3287,4.125
3288,2.775
3289,4
3290,4
3291,3.3
3292,3.875
3293,4.125
3294,3.475
3295,4.125
3296,3.75
3297,3.275
3298,3.75
3299,3.675
3300,3.925
3301,3.45
3302,3.775
3303,4.1
3304,4.375
3305,3.975
3306,3.15
3307,3.75
3308,3.65
3309,3.975
3310,3.925
3311,3.825
3312,3.275
3313,3.6
3314,4.075
3315,4.075
3316,4.35
3317,3.475
3318,3.3
3319,3.7
3320,4
3321,3.25
3322,3.025
3323,3.5
3324,4.15
3325,3.3
3326,3.675
3327,3.6
3328,4.075
3329,3.9
3330,3.65
3331,3.825
3332,3.325
3333,2.95
3334,3.65
3335,3.7
3336,3.2
3337,2.725
3338,3.55
3339,3.325
3340,1.85
3341,3.85
3342,4.1
3343,2.525
3344,2.375
3345,3.275
3346,3.85
3347,3.45
3348,3.1
3349,4
3350,3.9
3351,3.775
3352,4.075
3353,3.125
3354,2.825
3355,3.475
3356,3.95
3357,4.15
3358,4.075
3359,3.2
3360,2.9
3361,2.8
3362,3.8
3363,4.125
3364,4.15
3365,3.975
3366,3.875
3367,3.7
3368,2.725
3369,4.15
3370,3.825
3371,4.2
3372,3.925
3373,3.85
3374,3.2
3375,3.5
3376,4.075
3377,3.825
3378,3.825
3379,3.575
3380,2.625
3381,3.675
3382,3.925
3383,3.925
3384,4.1
3385,4.175
3386,4.125
3387,4.35
3388,4.075
3389,3.025
3390,3.775
3391,3.025
3392,3.725
3393,4.15
3394,4.075
3395,3.575
3396,2.66667
3397,3.825
3398,3.125
3399,3.3
3400,3.75
3401,4.05
3402,3.6
3403,4
3404,3.775
3405,3.63636
3406,3.7
3407,3.925
3408,3.675
3409,4.375
3410,4.1
3411,3.775
3412,3.9
3413,4
3414,3.6
3415,3.9
3416,3.5
3417,3.55
3418,3.625
3419,3.5
3420,4
3421,3.1
3422,3.775
3423,1.9375
3424,3.9
3425,3.125
3426,3.275
3427,4.1
3428,3.875
3429,4.125
3430,3.775
3431,4.175
3432,3.45
3433,4.1
3434,3.825
3435,4.05
3436,4.3
3437,4.025
3438,3.65
3439,3.05
3440,3.9
3441,3.575
3442,3.425
3443,3.35
3444,3.3
3445,3.2
3446,3.95
3447,3.8
3448,3.675
3449,3.9
3450,3.85
3451,3.75
3452,2.875
3453,3.5
3454,4.25
3455,2.975
3456,3.675
3457,4.15
3458,3.8
3459,3.9
3460,3.05
3461,4.125
3462,3.825
3463,4.2
3464,3.4
3465,3.6
3466,3.95
3467,4.35
3468,3.725
3469,3.65
3470,3.75
3471,3.425
3472,3.65
3473,4.05
3474,1.9375
3475,3.35
3476,3.475
3477,4.175
3478,4.2
3479,3.825
3480,3.45
3481,2.8
3482,4.2
3483,3.825
3484,3.975
3485,3.6
3486,3.75
3487,3
3488,3.2
3489,3.475
3490,3.725
3491,3.675
3492,4.05
3493,3.75
3494,3.525
3495,3.5
3496,3.7
3497,4.325
3498,4.075
3499,4.15
3500,4.175
3501,3.675
3502,3.575
3503,3.925
3504,3.975
3505,3.55
3506,3.5
3507,3.275
3508,3.675
3509,3.675
3510,4.225
3511,2.225
3512,3.525
3513,3.9
3514,3.475
3515,3.825
3516,3.675
3517,4.3
3518,3.275
3519,3.725
3520,3.925
3521,3.525
3522,3.55
3523,3.825
3524,3.7
3525,3.775
3526,4.025
3527,3.725
3528,3.775
3529,3.725
3530,4.075
3531,4.05
3532,2.9
3533,3.525
3534,4.15
3535,4
3536,3.975
3537,3.35
3538,4.275
3539,3.7
3540,3.375
3541,3.825
3542,3.825
3543,3.6
3544,3.525
3545,4.175
3546,3.45
3547,3.975
3548,3.7
3549,3.41176
3550,3.85
3551,3.7
3552,3.75
3553,3.9
3554,3.425
3555,3.95
3556,3.775
3557,3.45
3558,3.525
3559,3.3
3560,3.325
3561,4.075
3562,3.45
3563,3.675
3564,3.8
3565,3.075
3566,3.825
3567,3.675
3568,3.775
3569,3.475
3570,3.75
3571,3.65
3572,3.875
3573,2.675
3574,4.15
3575,3.5
3576,3.375
3577,3.9
3578,2.775
3579,3.275
3580,3.6
3581,4.025
3582,3.75
3583,3.275
3584,3.8
3585,4.025
3586,3.55
3587,3.35
3588,3.375
3589,3.95
3590,4.1
3591,3.825
3592,3.825
3593,3.85
3594,4.35
3595,3.2
3596,4.15
3597,4.175
3598,3.2
3599,4.075
3600,4.325
3601,3.6
3602,2.925
3603,3.825
3604,3.325
3605,3.275
3606,4.45
3607,3.7
3608,3.925
3609,3.825
3610,2.3
3611,3.35714
3612,3.975
3613,4
3614,3.8
3615,4.15
3616,2.625
3617,3.925
3618,4.175
3619,4.175
3620,2.85
3621,3.725
3622,4.05
3623,3.5
3624,3.2
3625,4.225
3626,4.05
3627,3.3
3628,3.2
3629,3.125
3630,3.525
3631,3.26316
3632,3.975
3633,3.475
3634,1.45
3635,2.575
3636,4.025
3637,3.825
3638,3.35
3639,4.25
3640,3.6
3641,4.15
3642,3.6
3643,4.25
3644,3.45
3645,3.725
3646,4.075
3647,3.6
3648,3.225
3649,3.85
3650,4.1
3651,3.85
3652,3.875
3653,3.375
3654,4.275
3655,3.625
3656,2.95
3657,3.975
3658,3.85
3659,3.8
3660,3.8
3661,3.725
3662,3.8
3663,3.625
3664,3.625
3665,3.175
3666,3.875
3667,3.525
3668,3.975
3669,3.225
3670,3.35
3671,3.5
3672,3.29167
3673,3.85
3674,3.275
3675,3.8
3676,3.8
3677,4.1
3678,2.825
3679,3.225
3680,4.125
3681,3.8
3682,3.65
3683,2.975
3684,4.1
3685,4.225
3686,3.025
3687,3.9
3688,4.35
3689,3.5
3690,3
3691,4.275
3692,3.5
3693,3.325
3694,2.75
3695,4.275
3696,2.95
3697,4.175
3698,3.4
3699,3.85
3700,3.875
3701,4.075
3702,3.775
3703,3.875
3704,4.15
3705,4.05
3706,2.95
3707,3.375
3708,3.875
3709,3.525
3710,3.8
3711,4.125
3712,3.275
3713,3.675
3714,3.025
3715,3.125
3716,2.625
3717,4.05
3718,4.25
3719,3.625
3720,3.65
3721,3.25
3722,3.375
3723,3.225
3724,3.8125
3725,3.1
3726,3.6
3727,3.725
3728,3.425
3729,3.125
3730,2.9
3731,4.325
3732,4.025
3733,3.275
3734,3.275
3735,3.8
3736,3.15
3737,3.325
3738,3.475
3739,4.1
3740,3.9
3741,3.25
3742,3.375
3743,3
3744,3.975
3745,3.75
3746,4.025
3747,3.8
3748,3.65
3749,2.65
3750,3.6
3751,4.175
3752,3.45
3753,3.975
3754,3.85
3755,2.325
3756,4.1
3757,2.825
3758,3.725
3759,4
3760,4.1
3761,3.475
3762,3.6
3763,4.175
3764,4.025
3765,3.65
3766,3.25
3767,3.725
3768,3.5
3769,3.775
3770,3.15
3771,3.425
3772,3.175
3773,3.875
3774,3.775
3775,3.1
3776,3.95
3777,3.025
3778,4.375
3779,3.875
3780,3.95
3781,3.975
3782,4.05
3783,3.6
3784,3.3
3785,2.6
3786,4
3787,3.625
3788,3.95
3789,3.725
3790,3.75
3791,3.575
3792,3.225
3793,4.25
3794,4.2
3795,3.9
3796,3.45
3797,4.025
3798,3.475
3799,3.85
3800,4.15
3801,3.775
3802,3.3
3803,4.15
3804,3.7
3805,3.1
3806,3.925
3807,3.35
3808,3.95
3809,4
3810,4.2
3811,4.4
3812,3.375
3813,3.725
3814,2.675
3815,2.3
3816,3.5
3817,2.15
3818,4.3
3819,3.675
3820,3.5
3821,3.75
3822,4.05
3823,3.8
3824,4
3825,4.15
3826,3.55
3827,3.8
3828,3.275
3829,3.525
3830,3.85
3831,2.6
3832,3.975
3833,3.425
3834,3.275
3835,2.825
3836,4.3
3837,3.675
3838,4.025
3839,4.275
3840,3.05
3841,4.225
3842,3.4
3843,3.55
3844,4
3845,2.875
3846,2.65
3847,3.025
3848,3.15
3849,3.775
3850,4.075
3851,4
3852,3.55
3853,4.175
3854,4.075
3855,4.05
3856,3.7
3857,3.95
3858,4.125
3859,3.45
3860,3.2
3861,3.3
3862,3.65
3863,3.525
3864,3.85
3865,4
3866,4.35
3867,3.9
3868,3.8
3869,3.4
3870,3.55
3871,3.85
3872,3.25
3873,3.35
3874,3.125
3875,3.875
3876,3.65
3877,2.425
3878,3.475
3879,3.4
3880,3.725
3881,2.5
3882,3.475
3883,3.525
3884,4.125
3885,2.95
3886,4.03571
3887,3.575
3888,4.15
3889,3.85
3890,3.65
3891,3.225
3892,3.925
3893,1.71875
3894,3.425
3895,2.4
3896,3.9
3897,3.95
3898,3.8
3899,4.125
3900,4.05
3901,3.775
3902,3.2
3903,3.875
3904,3.825
3905,3.575
3906,3.4
3907,4.175
3908,3.025
3909,4.05
3910,3.55
3911,4.2
3912,3.75
3913,4.125
3914,2.45
3915,3.775
3916,3.4
3917,3.975
3918,3.875
3919,3.4
3920,3.95
3921,4.125
3922,4
3923,3.625
3924,3.6
3925,3.875
3926,3.925
3927,3.775
3928,4.2
3929,3.875
3930,3.525
3931,3.2
3932,4.075
3933,4.3
3934,4.075
3935,3.05
3936,3.575
3937,4.3
3938,3.8
3939,4.15
3940,4.075
3941,3.525
3942,3.675
3943,3.875
3944,3.7
3945,4.125
3946,3.575
3947,2.5
3948,4.175
3949,4.1
3950,3.775
3951,2.85
3952,3.775
3953,3.375
3954,2.625
3955,3.5
3956,3.875
3957,3.375
3958,4
3959,3.925
3960,3.9
3961,4.05
3962,4.3
3963,3.575
3964,3.975
3965,3.8
3966,4.075
3967,3.45
3968,2.725
3969,3.675
3970,2.85
3971,3.75
3972,3.75
3973,4.1
3974,3.725
3975,3.55
3976,4.125
3977,2.45
3978,4.225
3979,3.7
3980,4.35
3981,3.4
3982,4.225
3983,3.725
3984,4.15
3985,4.05
3986,2.4
3987,3.35
3988,2.45
3989,3.775
3990,4
3991,3.25
3992,3.775
3993,4.225
3994,3.9
3995,3.85
3996,4
3997,3.175
3998,3.2
3999,3.225
4000,3.875
4001,4.15
4002,3.65
4003,4.025
4004,3.875
4005,3.35
4006,3.35
4007,2.8
4008,2.475
4009,3.15
4010,3.8
4011,3.625
4012,3.9
4013,3.725
4014,3.825
4015,3.6
4016,3.25
4017,3.65
4018,3.7
4019,2.575
4020,3.5
4021,3.775
4022,3.425
4023,3.11111
4024,3.75
4025,4.1
4026,4.1
4027,3.9
4028,3.85
4029,2.4
4030,3.675
4031,4.05
4032,3.975
4033,3.2
4034,3.95
4035,3.875
4036,4.075
4037,3.725
4038,3.5
4039,3.825
4040,3.975
4041,4.075
4042,3
4043,3.225
4044,4.175
4045,3.55
4046,3.725
4047,3.675
4048,3.325
4049,3.9
4050,2.95
4051,2.825
4052,3.3
4053,2.625
4054,4.15
4055,3.375
4056,4.1
4057,1.65385
4058,3.375
4059,2.675
4060,4.1
4061,3.325
4062,4.15
4063,3.275
4064,2.875
4065,3.775
4066,3.575
4067,3.925
4068,3.7
4069,3.475
4070,4.4
4071,2.325
4072,4.15
4073,3.85
4074,3.775
4075,2.6
4076,3.1
4077,3.4
4078,3.8
4079,3.425
4080,3.5
4081,3.95
4082,3.225
4083,4
4084,4.075
4085,3.75
4086,3.375
4087,3.825
4088,4.125
4089,3.975
4090,3.725
4091,3
4092,3.65
4093,4.15
4094,3.425
4095,3.65
4096,3.625
4097,3.5
4098,3.725
4099,4.05
4100,3.5
4101,3.8
4102,2.95
4103,4.45
4104,3.75
4105,3.7
4106,3.825
4107,3.875
4108,3.8
4109,3.325
4110,4.075
4111,4.125
4112,3.8
4113,4.175
4114,4
4115,3.65
4116,4.375
4117,3.5
4118,3.925
4119,3.875
4120,3.6
4121,2.7
4122,3.05
4123,3.425
4124,4.175
4125,3.75
4126,3.775
4127,4.375
4128,4
4129,3.375
4130,3.45
4131,3.3
4132,3.3
4133,3.7
4134,3.675
4135,3.75
4136,3.925
4137,3.6
4138,3.025
4139,3.875
4140,3.775
4141,4.05
4142,2.775
4143,3.675
4144,3.425
4145,4.225
4146,3.35
4147,4.275
4148,3.55
4149,3.6
4150,3.925
4151,2.45
4152,3.45
4153,3.45
4154,4.225
4155,3.95
4156,4.025
4157,3.325
4158,3.65
4159,3.9
4160,3.825
4161,3.27273
4162,3.975
4163,3.8
4164,3.675
4165,2.6
4166,4.05
4167,2.95
4168,2.9
4169,4.1
4170,3.35
4171,3.775
4172,3.05
4173,3.85
4174,3.525
4175,3.6
4176,3.1
4177,3.475
4178,3.6
4179,2.85
4180,2.66667
4181,3.725
4182,4.25
4183,3.475
4184,3
4185,3.325
4186,3.45
4187,3.825
4188,3.175
4189,3.6
4190,4.125
4191,3.775
4192,3.3
4193,2.95
4194,4.25
4195,3.175
4196,3.4
4197,2.875
4198,2.975
4199,4.2
4200,3.6
4201,3.3
4202,4.2
4203,4.05
4204,4
4205,3.9
4206,3.3
4207,4.175
4208,3.45
4209,4.275
4210,4
4211,3.775
4212,3.7
4213,3.7
4214,3.95
4215,3.3
4216,4.125
4217,3.575
4218,3.425
4219,4.15
4220,3.25
4221,3.95
4222,4.075
4223,3.9
4224,3.925
4225,3.9
4226,3.78571
4227,3.975
4228,4.225
4229,4.25
4230,3.6
4231,2.9
4232,3.75
4233,3.8
4234,3.3
4235,4.075
4236,3.2
4237,4.05
4238,3.475
4239,4.1
4240,3.8
4241,2.25
4242,3.675
4243,3.55
4244,4.125
4245,3.975
4246,3.75
4247,3.4
4248,3.9
4249,3.025
4250,3.75
4251,3.95
4252,2.45
4253,3.2
4254,3.95
4255,2.775
4256,3.325
4257,3.8
4258,3.8
4259,3.275
4260,3
4261,3.975
4262,3.975
4263,3.9
4264,3.025
4265,3.6
4266,3.175
4267,3.5
4268,3.8
4269,4.025
4270,4
4271,3.75
4272,3.725
4273,3.625
4274,3.1
4275,3.45
4276,4.2
4277,3.925
4278,3.35
4279,3.975
4280,3.675
4281,3.7
4282,3.9
4283,3.625
4284,3.05
4285,3.7
4286,3.975
4287,3.425
4288,3.55
4289,3.6
4290,4.225
4291,3.175
4292,2.75
4293,3.975
4294,3.475
4295,3.9
4296,2.625
4297,2.725
4298,2.95
4299,3.7
4300,4.2
4301,3.4
4302,2.9
4303,2.925
4304,3.35
4305,3.925
4306,3.9
4307,3.975
4308,2.425
4309,3.825
4310,3.3
4311,3.775
4312,3.475
4313,4.1
4314,3.6
4315,2.775
4316,3.525
4317,2.8
4318,3.6
4319,4.175
4320,3.2
4321,3.95
4322,3.5
4323,2.525
4324,3.9
4325,3.4
4326,3.85
4327,4.2
4328,4.025
4329,3.725
4330,3.35
4331,3.65
4332,3.725
4333,3.975
4334,3.575
4335,4.075
4336,3.675
4337,4.225
4338,4.225
4339,3.825
4340,3.55
4341,3.52632
4342,4.1
4343,3
4344,3.75
4345,3.775
4346,3.8
4347,3.95
4348,2.925
4349,3.425
4350,3.7
4351,3.925
4352,3.225
4353,3.575
4354,3.9
4355,4.05
4356,3.8
4357,3.675
4358,4.4
4359,4.3
4360,3.825
4361,3.275
4362,3.775
4363,3.275
4364,3.2
4365,4
4366,3.675
4367,2.875
4368,3.2
4369,4.05
4370,3.375
4371,3.925
4372,3.525
4373,3.85
4374,4.175
4375,3.2
4376,2.725
4377,4.025
4378,3.625
4379,3.825
4380,4.1
4381,4.05
4382,3.75
4383,3.9
4384,3.975
4385,3.525
4386,4.05
4387,3.9
4388,3.775
4389,3.425
4390,4.1
4391,3.25
4392,3.875
4393,3.75
4394,4.125
4395,3.375
4396,3.45
4397,3.75
4398,2.875
4399,3.95
4400,3.65
4401,2.925
4402,4.225
4403,3.85
4404,3.975
4405,4.1
4406,3.825
4407,3.85
4408,3.2
4409,3.5
4410,3.5
4411,3.35
4412,3.6
4413,4.175
4414,3.9
4415,3.8
4416,3.825
4417,3.45
4418,3.64286
4419,3.35
4420,3.85
4421,2.45
4422,3.6
4423,3.85
4424,3.8
4425,4.05
4426,3.6
4427,4.225
4428,4.275
4429,3.575
4430,4.35
4431,3.075
4432,3.225
4433,3.425
4434,3.775
4435,3.95
4436,3.675
4437,3.875
4438,2.2
4439,4.125
4440,4.225
4441,3.65
4442,4.325
4443,3.325
4444,3.95
4445,3.825
4446,3.475
4447,3.975
4448,4.025
4449,2.825
4450,2.81579
4451,4.05
4452,3.8
4453,3.25
4454,3.75
4455,3.85
4456,3.875
4457,3.1
4458,3.325
4459,3.925
4460,4.1
4461,3.15
4462,4.075
4463,3.9
4464,3.625
4465,3.4
4466,3.725
4467,4.25
4468,2.95
4469,2.875
4470,2.9
4471,4.075
4472,3.725
4473,3.375
4474,3.975
4475,3.1
4476,3.875
4477,3.7
4478,3.925
4479,4.025
4480,3.825
4481,3.5
4482,2
4483,3.875
4484,4.1
4485,4.05
4486,3.15
4487,3.65
4488,3.85
4489,3.875
4490,3.975
4491,3.925
4492,3.075
4493,3.4
4494,2.475
4495,3.45
4496,3.75
4497,3.775
4498,3.65
4499,3.85
4500,3.65
4501,3.425
4502,3.725
4503,3.475
4504,4.25
4505,3.4
4506,3.15
4507,3.925
4508,3.525
4509,4.125
4510,3.95
4511,3.35
4512,3.9
4513,4
4514,3.3
4515,3.8
4516,3.95
4517,3.8
4518,3.125
4519,2.775
4520,3.2
4521,2.625
4522,2.825
4523,3.65
4524,4.15
4525,3.175
4526,3.375
4527,3.775
4528,3.15
4529,2.95
4530,3.425
4531,3.6
4532,3.725
4533,3.05
4534,4.2
4535,1.21429
4536,2.675
4537,4.125
4538,3.675
4539,2.9
4540,4.2
4541,3.25
4542,3.85
4543,3.125
4544,4.125
4545,3.975
4546,3.975
4547,3.6
4548,4.375
4549,2.925
4550,3.025
4551,4
4552,4.275
4553,3.925
4554,4.125
4555,3.475
4556,3.25
4557,3.1
4558,3.025
4559,3.275
4560,3.825
4561,3.775
4562,4.275
4563,3.9
4564,3.6
4565,4.075
4566,3.425
4567,4.05
4568,3.65
4569,4.2
4570,4.325
4571,2.8
4572,3.3
4573,4.2
4574,3.9
4575,3.025
4576,2.375
4577,4.05
4578,3.825
4579,3.25
4580,3.95
4581,3.775
4582,3.8
4583,3.85
4584,3.7
4585,3.75
4586,4.05
4587,1.775
4588,3.775
4589,4.05
4590,3.9
4591,3.125
4592,4.15
4593,3.875
4594,2.5
4595,4.025
4596,3.275
4597,3.2
4598,2.475
4599,2.175
4600,2.95
4601,3.7
4602,4
4603,3.5
4604,3.95
4605,3.525
4606,3.625
4607,3.7
4608,4.2
4609,3.65
4610,4.025
4611,3.725
4612,3.3
4613,3.9
4614,3.225
4615,3.7
4616,4.05
4617,3.775
4618,3.95
4619,3.675
4620,3.75
4621,3.2
4622,4
4623,3.95
4624,3.2
4625,3.625
4626,4.025
4627,3.325
4628,3.925
4629,3.7
4630,3.95
4631,4.075
4632,4.125
4633,3.05
4634,4.125
4635,3.95
4636,3.45
4637,3.925
4638,3.575
4639,3.775
4640,3.45
4641,3.375
4642,3.95
4643,3.9
4644,2.65
4645,4.15
4646,3.45
4647,3.65
4648,3.775
4649,3.425
4650,2.975
4651,4.125
4652,3.825
4653,3.45
4654,3.775
4655,4.175
4656,2.7
4657,3.725
4658,4.4
4659,4
4660,3.725
4661,2.975
4662,3.575
4663,3.6
4664,3.9
4665,3.575
4666,3.875
4667,3.375
4668,2.325
4669,2.55
4670,4.075
4671,3.45
4672,3.8
4673,4.275
4674,4.15
4675,4.1
4676,3.2
4677,3.825
4678,3.675
4679,3.775
4680,3.175
4681,4.05
4682,3.25
4683,3.65
4684,3.95
4685,4.05
4686,4.1
4687,4.125
4688,3.675
4689,3.825
4690,3.65
4691,3.325
4692,3.475
4693,4.325
4694,4.15
4695,4.15
4696,3.95
4697,3.475
4698,3.45
4699,3.75
4700,2.4
4701,3.85
4702,4.375
4703,3
4704,4.15
4705,3.725
4706,3.975
4707,2.55882
4708,4.025
4709,3.75
4710,3.625
4711,4.35
4712,3.825
4713,3.05
4714,3.4
4715,3.35
4716,3.375
4717,3.9
4718,3.525
4719,3.4
4720,3.775
4721,3.7
4722,4
4723,3.5
4724,3.75
4725,3.325
4726,3.675
4727,3.425
4728,4.025
4729,2.525
4730,4.1
4731,3.475
4732,3.275
4733,3.9
4734,3.675
4735,3.725
4736,4.475
4737,3.5
4738,3.6
4739,3.55
4740,3.675
4741,3.4
4742,3.85
4743,3.4
4744,3.6
4745,3.725
4746,3.65
4747,3.825
4748,3.7
4749,4.475
4750,3.55
4751,2.875
4752,4.325
4753,3.425
4754,3.775
4755,3.5
4756,3.2
4757,3.4
4758,3.025
4759,3.975
4760,3.125
4761,3.575
4762,3.275
4763,4.025
4764,2.65
4765,3.55
4766,3.8
4767,3.675
4768,3
4769,3.7
4770,3.975
4771,3.775
4772,2.05
4773,3.1
4774,3.9
4775,3.2
4776,3.025
4777,4.15
4778,4.35
4779,2.525
4780,3.6
4781,3.725
4782,3.65
4783,3.775
4784,3.5
4785,4.075
4786,4.075
4787,3.225
4788,3.25
4789,3.475
4790,3.575
4791,4.1
4792,3.875
4793,3.775
4794,3.975
4795,3.75
4796,3.55
4797,3.35
4798,2.45
4799,3.425
4800,3.5
4801,3.55
4802,3.825
4803,3.675
4804,4.3
4805,4.05
4806,3.55
4807,2.725
4808,3.975
4809,3.25
4810,3.875
4811,4.1
4812,3.55
4813,2.975
4814,3.2
4815,4.05
4816,3.6
4817,2.925
4818,2.675
4819,3.7
4820,3.65
4821,3.875
4822,3.8
4823,3.85
4824,3.775
4825,4.225
4826,3.625
4827,4.175
4828,3.925
4829,4.2
4830,3.85
4831,4.15
4832,4.2
4833,3.75
4834,3.075
4835,3.9
4836,3.15
4837,4.25
4838,3.775
4839,2.5
4840,4.125
4841,3.6
4842,3.65
4843,4.025
4844,3.925
4845,3.775
4846,2.95
4847,3.7
4848,4.125
4849,3.625
4850,3.45
4851,4.2
4852,3.5
4853,3.5
4854,3.85
4855,3.15
4856,4.2
4857,3.925
4858,3.4
4859,3.2
4860,3.325
4861,2.925
4862,2.75
4863,3.425
4864,3.5
4865,3.425
4866,3.8
4867,3.875
4868,3.4
4869,3.95
4870,2.95
4871,3.95
4872,3.625
4873,4.45
4874,2.55
4875,3.625
4876,3.55
4877,3.9
4878,3.575
4879,3.275
4880,3.65
4881,4.15
4882,3.4
4883,3.35
4884,3.95
4885,3.825
4886,3.125
4887,3.55
4888,3.725
4889,3
4890,3.675
4891,3.5
4892,3.475
4893,3
4894,3.65
4895,3.05
4896,4.2
4897,4.15
4898,3.975
4899,4.225
4900,3.175
4901,3.45
4902,2.7
4903,3.475
4904,4.025
4905,4.075
4906,3.45
4907,4.05
4908,3.75
4909,3.8
4910,3.925
4911,3.5
4912,2.85
4913,3.725
4914,3.975
4915,4.05
4916,4.35
4917,3.6
4918,3.975
4919,3.15
4920,3.1
4921,3.25
4922,3.35
4923,3.425
4924,2.65
4925,4.125
4926,3.8
4927,3.525
4928,4.075
4929,3.35
4930,4.225
4931,4.075
4932,4.075
4933,3.2
4934,3.95
4935,3.9
4936,2.825
4937,3.3
4938,3.8
4939,3.75
4940,3.875
4941,3.475
4942,4.225
4943,4.125
4944,3.725
4945,3.7
4946,3.75
4947,4.025
4948,3.575
4949,4
4950,3.05
4951,3.95
4952,4
4953,3.625
4954,3.275
4955,4.075
4956,4.125
4957,4.075
4958,4.025
4959,4.325
4960,3.075
4961,3.425
4962,3.475
4963,3.275
4964,2.95
4965,3.5
4966,3.325
4967,3.825
4968,2.9
4969,4
4970,2.7
4971,3.25
4972,3.85
4973,2.425
4974,4.15
4975,4.45
4976,3.9
4977,3.45
4978,4.125
4979,3.625
4980,3.55
4981,3.725
4982,3.7
4983,3.825
4984,4.025
4985,3.125
4986,4.1
4987,3.65
4988,2.875
4989,3.275
4990,3.6
4991,3.925
4992,3.575
4993,3.325
4994,4.05
4995,4
4996,3.45
4997,3.7
4998,4.15
4999,3.9
